1;Zákon o súkromnej bezpečnosti upravuje poskytovanie služieb v oblasti;súkromnej bezpečnosti;civilnej bezpečnosti;bezpečnosti v premávke na pozemných komunikáciách  ;a
1;Výkon štátneho dozoru Ministerstvom vnútra Slovenskej republiky a kontroly Policajným zborom v oblasti súkromnej bezpečnosti je upravený v zákone o;civilných bezpečnostných službách;Policajnom zbore;súkromnej bezpečnosti;c
1;Súkromná bezpečnosť sa prevádzkuje ako;bezpečnostná služba a technická služba;ochranná služba a technická služba;technická služba a služba ochrany osôb;a
1;Zákon o súkromnej bezpečnosti sa na činnosti, ktoré sú bezpečnostnou službou, ak ich vykonáva pre vlastnú potrebu štátny orgán ;vzťahuje len čiastočne;nevzťahuje;vzťahuje v plnom rozsahu;b
1;Medzi druhy bezpečnostnej služby podľa zákona o súkromnej bezpečnosti patrí;detektívna služba, strážna služba, technická služba;strážna služba, ochranná služba, požiarna služba;strážna služba, profesionálna cezhraničná preprava eurovej hotovosti cestnou dopravou, detektívna služba, odborná príprava a poradenstvo;c
1;Fyzická osoba alebo právnická osoba prevádzkuje bezpečnostnú službu ;pre iné právnické osoby;len pre vlastnú potrebu ;pre iné osoby alebo ako vlastnú ochranu;c
1;Strážna služba podľa zákona o súkromnej bezpečnosti je;bezpečnostná ochrana pred požiarmi;bezpečnostná služba;detektívna služba;b
1;Detektívna služba podľa zákona o súkromnej bezpečnosti je;bezpečnostná služba;špionážna služba;vyhľadávacia a lokalizačná služba;a
1;Odborná príprava podľa zákona o súkromnej bezpečnosti je;poradenská služba;bezpečnostná služba;odborná služba;b
1;Jednou z foriem strážnej služby je;hľadanie osôb;projektovanie zabezpečovacích systémov;ochrana majetku na inom než verejne prístupnom mieste;c
1;Medzi formy strážnej služby patrí ;hľadanie majetku;prevádzkovanie zabezpečovacieho systému alebo poplachového systému, prevádzkovanie ich častí, vyhodnocovanie narušenia chráneného objektu alebo chráneného miesta;získavanie informácií v súvislosti s vymáhaním pohľadávky;b
1;Jednou z foriem detektívnej služby je ;ochrana prepravy majetku a osoby;získavanie údajov, ktoré môžu slúžiť ako dôkazný prostriedok v konaní pred súdom alebo správnym orgánom;vypracúvanie plánu ochrany;b
1;Medzi formy strážnej služby patrí ;zabezpečovanie poriadku na mieste zhromažďovania osôb;príprava na výkon detektívnej služby;hľadanie osoby;a
1;Medzi formy odbornej prípravy a poradenstva patrí ;poskytovanie odborných rád pri prevádzkovaní strážnej služby;poskytovanie odborných rád pri prevádzkovaní leteckej služby;poskytovanie poradenstva pri prevádzkovaní civilnej bezpečnostnej služby;a
1;Strážna služba podľa zákona o súkromnej bezpečnosti je;ochranná služba;detektívna služba;bezpečnostná služba;c
1;Detektívna služba podľa zákona o súkromnej bezpečnosti je;kontrolná služba;bezpečnostná služba;služba vyhľadávania informácií ;b
1;Odborná príprava a poradenstvo podľa zákona o súkromnej bezpečnosti je;detektívna služba;technická služba;bezpečnostná služba;c
1;Vlastnou ochranou sa podľa zákona o súkromnej bezpečnosti rozumie;prevádzkovanie bezpečnostnej služby pre vlastnú potrebu, ak je zabezpečovaná aspoň jednou osobou v pracovnoprávnom vzťahu;prevádzkovanie ochrannej  služby aspoň dvoma osobami v pracovnoprávnom vzťahu;prevádzkovanie ochrannej služby aspoň troma osobami v  pracovnoprávnom vzťahu;a
1;Vlastná ochrana podľa zákona o súkromnej bezpečnosti je prevádzkovaná len ;pre iné fyzické osoby a právnické osoby;pre vlastnú potrebu;pre iné fyzické osoby, právnické osoby a orgány verejnej správy;b
1;Technická služba na ochranu majetku a osoby je upravená v;Trestnom poriadku;zákone o súkromnej bezpečnosti;správnom poriadku ;b
1;Bezpečnostnou praxou sa rozumie;pátranie, fyzická ochrana, ochranná služba a výkon štátnej služby v obecnej polícii;fyzická ochrana, pátranie, hliadková služba, požiarna služba, služba ochrany prírody;fyzická ochrana, pátranie, odborná príprava a poradenstvo na tieto činnosti ;c
1;Fyzickou ochranou je;obchôdzka, stráženie, prevádzkovanie zabezpečovacieho systému alebo poplachového systému a priame riadenie a kontrola týchto činností;len stráženie,  prevádzkovanie zabezpečovacieho systému alebo poplachového systému a priame riadenie a kontrola týchto činností;opomenutie výkonu činností nevyhnutných k zabezpečeniu chráneného objektu pred vniknutím páchateľov trestných činov    ;a
1;Pátraním sa podľa zákona o súkromnej bezpečnosti rozumie ;len hľadanie osôb a majetku;aj štátny dozor na úseku súkromnej bezpečnosti ;aj riadenie a kontrola činností uvedených v zákone o súkromnej bezpečnosti;c
1;Obchôdzka je vykonávaná;striedavým premiestňovaním sa osoby poverenej výkonom fyzickej ochrany v rôznych objektoch vykonávaným tou istou osobou;striedavým premiestňovaním sa osoby poverenej výkonom fyzickej ochrany v tom istom chránenom objekte alebo na tom istom chránenom mieste;zásahom proti narušiteľom chráneného objektu alebo miesta;b
1;Stráženie je vykonávané;len prítomnosťou osoby poverenej výkonom fyzickej ochrany na strážnom stanovisku;prítomnosťou osoby poverenej výkonom fyzickej ochrany na strážnom stanovisku v chránenom objekte, na chránenom mieste alebo pri chránenej osobe, alebo pri chránenom majetku, kde tieto činnosti má vykonávať;osobou poverenou výkonom fyzickej ochrany na strážnom stanovisku v chránenom objekte alebo na chránenom mieste, pričom jej fyzická prítomnosť sa nevyžaduje ;b
1;Zásahom sa podľa zákona o súkromnej bezpečnosti rozumie;činnosť osoby poverenej výkonom fyzickej ochrany alebo pátrania, pri ktorej sa zasahuje do základných práv a slobôd inej osoby;nečinnosť osoby poverenej výkonom fyzickej ochrany alebo pátrania, pri ktorej sa zasahuje do základných práv a slobôd inej osoby;len činnosť osoby poverenej výkonom fyzickej ochrany alebo pátrania, pri ktorej došlo k obmedzeniu osobnej slobody;a
1;Za vecný bezpečnostný prostriedok sa považuje ;stroj alebo prístroj, ktorý sa používa na plnenie úloh ochrannej služby,;zbraň, ktorá je určená na to, aby sa použila na zastavenie, prípadne obmedzenie pohybu osoby, zvieraťa alebo vozidla alebo na obmedzenie funkcie iného technického zariadenia;vec vrátane zvieraťa, ktorá je určená na to, aby sa použila ako zbraň alebo vec na  zastavenie, prípadne obmedzenie pohybu osoby, zvieraťa alebo vozidla alebo na obmedzenie funkcie iného technického zariadenia;c
1;Iným technickým prostriedkom sa podľa zákona o súkromnej bezpečnosti rozumie;vec, ktorá je určená na to aby sa použila ako obranný prostriedok;stroj alebo prístroj, ktorý sa používa na plnenie úloh fyzickej ochrany, pátrania, odbornej prípravy a poradenstva;donucovací prostriedok, ktorý má charakter stroja alebo prístroja, ktorý sa používa na plnenie úloh fyzickej ochrany, pátrania, odbornej prípravy a poradenstva;b
1;Podľa zákona o súkromnej bezpečnosti verejne prístupným miestom je;miesto, kde vstup fyzických osôb je podmienený povolením správcu takéhoto miesta;každé miesto, kde vstup osobám je zakázaný vlastníkom alebo správcom takéhoto miesta;každé miesto, kde vstup osobám nie je zakázaný;c
1;Súkromnú bezpečnostnú službu možno prevádzkovať len na základe  ;licencie;živnostenského listu;koncesie;a
1;Licenciu na prevádzkovanie súkromnej bezpečnostnej služby okrem licencie na prevádzkovanie profesionálnej cezhraničnej prepravy eurovej hotovosti cestnou dopravou svojím rozhodnutím udeľuje;živnostenský úrad;krajské riaditeľstvo Policajného zboru;Ministerstvo vnútra Slovenskej republiky;b
1;Krajské riaditeľstvo udelí licenciu na prevádzkovanie bezpečnostnej služby fyzickej osobe, ak dosiahla vek;20 rokov;21 rokov;25 rokov;b
1;Bezúhonný podľa zákona o súkromnej bezpečnosti nie je ten, kto;bol právoplatne odsúdený za úmyselný trestný čin a nehľadí sa na neho, ako by nebol odsúdený;bol právoplatne odsúdený za priestupok;bol právoplatne odsúdený za úmyselný trestný čin;a
1;Bezúhonný podľa zákona o súkromnej bezpečnosti nie je ten, kto;bol v posledných dvoch rokoch uznaný vinným z priestupku;bol právoplatne odsúdený za trestný čin k nepodmienečnému trestu odňatia slobody v dĺžke viac ako 24 mesiacov a nehľadí sa na neho, ako by nebol odsúdený;bol právoplatne odsúdený za trestný čin k nepodmienečnému trestu odňatia slobody v dĺžke viac ako 12 mesiacov a nehľadí sa na neho, ako by nebol odsúdený;c
1;Bezúhonný podľa zákona o súkromnej bezpečnosti nie je ten, komu;štatutárny orgán uložil zákaz činnosti, ktorá súvisí s činnosťou podľa zákona o súkromnej bezpečnosti;prokurátor uložil zákaz činnosti, ktorá súvisí s činnosťou podľa zákona o súkromnej bezpečnosti alebo ktorá je obsahom pracovnoprávneho vzťahu podľa  zákona o súkromnej bezpečnosti, do skončenia výkonu zákazu činnosti;súd alebo správny orgán uložil zákaz činnosti, ktorá súvisí s činnosťou podľa zákona o súkromnej bezpečnosti alebo ktorá je obsahom pracovnoprávneho vzťahu podľa  zákona o súkromnej bezpečnosti, do skončenia výkonu zákazu činnosti;c
1;Podľa zákona o súkromnej bezpečnosti sa bezúhonnosť preukazuje;odpisom z registra trestov ;výpisom z registra trestov nie starším ako tri mesiace a čestným prehlásením, že osobe správny orgán neuložil zákaz činnosti, ktorá súvisí s činnosťou podľa zákona o súkromnej bezpečnosti alebo ktorá je obsahom pracovnoprávneho vzťahu podľa zákona o súkromnej bezpečnosti;len čestným prehlásením, že osobe správny orgán neuložil zákaz činnosti, ktorá súvisí s činnosťou podľa zákona o súkromnej bezpečnosti alebo ktorá je obsahom pracovnoprávneho vzťahu podľa zákona o súkromnej bezpečnosti;a
1;Spoľahlivý podľa zákona o súkromnej bezpečnosti nie je ten, kto;nepožíva alkoholické nápoje alebo nepoužíva iné návykové látky;preukázateľne nadmerne požíva alkoholické nápoje alebo preukázateľne požíva iné návykové látky;požíva alkoholické nápoje alebo používa iné návykové látky;b
1;Za spoľahlivého podľa zákona o súkromnej bezpečnosti sa nepovažuje ten, kto;bol v posledných troch rokoch uznaný vinným z priestupkov na úsekoch uvedených v zákone o súkromnej bezpečnosti;je trestne stíhaný za nedbanlivostný trestný čin;bol v posledných dvoch rokoch uznaný vinným z priestupkov na úsekoch uvedených v zákone o súkromnej bezpečnosti;c
1;Ak je osoba stíhaná pre úmyselný trestný čin, považuje sa na účely zákona o súkromnej bezpečnosti za osobu;nie bezúhonnú;nie spoľahlivú;bez požadovanej odbornej spôsobilosti;b
1;Podľa zákona o súkromnej bezpečnosti sa spoľahlivosť preukazuje;výpisom z registra trestov a čestným prehlásením;odpisom z registra trestov ;odpisom z evidencie priestupkov nie straším ako tri mesiace;b
1;Zdravotnou spôsobilosťou sa podľa zákona o súkromnej bezpečnosti rozumie;telesná spôsobilosť a psychická spôsobilosť;fyzická a psychologická spôsobilosť ;telesná a fyzická spôsobilosť;a
1;V prípade, že je u osoby podľa zákona o súkromnej bezpečnosti osoby požadovaná zdravotná spôsobilosť je táto osoba povinná podrobiť sa posúdeniu zdravotnej spôsobilosti ;každý rok, ak nie je v záveroch predchádzajúceho lekárskeho posudku ustanovená kratšia lehota;každé dva roky, ak nie je v záveroch predchádzajúceho lekárskeho posudku ustanovená kratšia lehota;každé tri roky, ak nie je v záveroch predchádzajúceho lekárskeho posudku ustanovená kratšia lehota;b
1;Zdravotná spôsobilosť podľa zákona o súkromnej bezpečnosti sa preukazuje;lekárskym posudkom, ktorého súčasťou je psychologické vyšetrenie;lekárskou správou  ;psychologickým posudkom;a
1;Odborne spôsobilou osobou je na účely zákona o súkromnej bezpečnosti osoba,;ktorá je držiteľom certifikátu o odbornej spôsobilosti v oblasti ochrannej služby   ;ktorá dosiahla vysokoškolské vzdelanie;ktorá dosiahla vzdelanie ustanovené pre danú činnosť a je držiteľom preukazu odbornej spôsobilosti;c
1;Skúška odbornej spôsobilosti podľa zákona o súkromnej bezpečnosti je ;typu P a typu D;typu S, typu P a typu CIT;typu S, typu P a typu D ;b
1;Skúška typu S je podľa zákona o súkromnej bezpečnosti určená pre osoby;poverené výkonom ochrany pred požiarmi  ;poverené výkonom fyzickej ochrany, pátrania, odbornej prípravy a poradenstva a pre prevádzkovateľov;poverené výkonom fyzickej ochrany a pátrania;c
1;Skúšobná komisia na vykonanie skúšky odbornej spôsobilosti je zložená z členov, ktorí sú;zástupcami Ministerstva vnútra Slovenskej republiky, krajského riaditeľstva Policajného zboru a okresného riaditeľstva Policajného zboru;zástupcami Ministerstva obrany Slovenskej republiky, krajského riaditeľstva Policajného zboru a okresného riaditeľstva Policajného zboru;všetci zástupcami úradu súkromných bezpečnostných služieb Prezídia Policajného zboru;a
1;Ak preukaz odbornej spôsobilosti stratil platnosť z dôvodu uplynutia doby na ktorú bol vydaný, je jeho držiteľ povinný ho odovzdať Ministerstvu vnútra Slovenskej republiky do;30 dní od zániku platnosti;15 dní od zániku platnosti;3 mesiacov od zániku platnosti;b
1;Prihlášku na vykonanie skúšky odbornej spôsobilosti podľa zákona o súkromnej bezpečnosti podáva osoba akreditovaná Ministerstvom vnútra Slovenskej republiky na;krajskom riaditeľstve Policajného zboru;Ministerstve vnútra Slovenskej republiky;okresnom riaditeľstve Policajného zboru;b
1;Uchádzača, ktorý nevykoná úspešne riadnu skúšku, možno prihlásiť na vykonanie opravnej skúšky;až  po uplynutí troch  mesiacov;až po uplynutí jedného mesiaca;ihneď po jej neúspešnom vykonaní;c
1;Skúška odbornej spôsobilosti podľa zákona o súkromnej bezpečnosti sa skladá z;praktickej ukážky zásahov a písomného testu;písomného testu a ústnej skúšky;písomného testu;b
1;Skúška odbornej spôsobilosti podľa zákona o súkromnej bezpečnosti sa vykoná ;v štátnom jazyku ;len v materinskom jazyku;v jazyku, ktorý uchádzač o vykonanie skúšky ovláda, pričom ak niektorý člen komisie neovláda jazyk,  v ktorom uchádzač vykoná skúšku, skúška sa vykoná prostredníctvom tlmočníka;a
1;Uchádzačovi, ktorý úspešne vykonal skúšku odbornej spôsobilosti podľa zákona o súkromnej bezpečnosti, vydá Ministerstvo Slovenskej republiky preukaz odbornej spôsobilosti príslušného typu, ak je táto osoba ;bezúhonná a spoľahlivá;spôsobila na právne úkony a bezúhonná;zdravotne spôsobilá;a
1;Platnosť preukazu odbornej spôsobilosti podľa zákona o súkromnej bezpečnosti je;po dobu trvania pracovnoprávneho vzťahu v bezpečnostnej službe;neobmedzená;10 rokov;c
1;Preukaz odbornej spôsobilosti je podľa zákona o súkromnej bezpečnosti považovaný za;medzinárodnú listinu;súkromnú listinu;verejnú listinu;c
1;Licenciu na prevádzkovanie bezpečnostnej služby okrem licencie na prevádzkovanie profesionálnej cezhraničnej prepravy eurovej hotovosti cestnou dopravou môže odňať len;Ministerstvo vnútra Slovenskej republiky;krajské riaditeľstvo Policajného zboru;Najvyšší súd Slovenskej republiky;b
1;Pri prevádzkovaní bezpečnostnej služby sú na česť, vážnosť a dôstojnosť povinní dbať;prevádzkovateľ, ako aj jeho zamestnanci;len prevádzkovatelia;osoba, proti ktorej bol vedený zásah súkromnej bezpečnostnej služby;a
1;Povinnosť zachovať mlčanlivosť pri prevádzkovaní bezpečnostnej služby trvá;iba počas prevádzkovania bezpečnostnej služby;aj po ukončení prevádzkovania bezpečnostnej služby alebo po skončení pracovnoprávneho vzťahu;iba počas trvania pracovnoprávneho vzťahu;b
1;Na posudzovanie bezúhonnosti zamestnanca podľa zákona o súkromnej bezpečnosti je zamestnanec povinný prevádzkovateľovi predložiť doklady a čestné vyhlásenia preukazujúce  jeho bezúhonnosť;iba pri vzniku pracovnoprávneho vzťahu;každý rok;každé dva roky;c
1;Na posudzovanie spoľahlivosti zamestnanca podľa zákona o súkromnej bezpečnosti je zamestnanec povinný prevádzkovateľovi ;ústne oznámiť každú zmenu skutočností rozhodujúcich na posúdenie spoľahlivosti najneskôr do 15 dní od tejto zmeny;písomne oznámiť každú zmenu skutočností rozhodujúcich na posúdenie spoľahlivosti najneskôr do 15 dní od tejto zmeny;písomne oznámiť každú zmenu skutočností rozhodujúcich na posúdenie spoľahlivosti najneskôr do 30 dní od tejto zmeny;b
1;Fyzickú ochranu alebo pátranie môže podľa zákona o súkromnej bezpečnosti vykonávať  osoba, ktorá;dosiahla vek 18 rokov, je spôsobilá na právne úkony v plnom rozsahu, je bezúhonná, je spoľahlivá, je zdravotne spôsobilá, je držiteľom preukazu odbornej spôsobilosti;je bezúhonná a nespoľahlivá;dosiahla vek 17 rokov, je právne spôsobila, je bezúhonná, je spoľahlivá, je fyzicky zdatná, je držiteľom preukazu odbornej spôsobilosti;a
1;Na výkone fyzickej ochrany sa môže počas odbornej prípravy zúčastňovať aj osoba, ktorá nie je držiteľom preukazu odbornej spôsobilosti podľa zákona o súkromnej bezpečnosti, pričom;výkon fyzickej ochrany môže byť vykonávaný iba u jedného prevádzkovateľa bezpečnostnej služby a najdlhšie po dobu jedného mesiaca;postačuje priamy dohľad osoby, ktorá je držiteľom preukazu odbornej spôsobilosti;výkon fyzickej ochrany tejto osoby musí byť vykonávaný podľa vopred  vypracovaného písomného plánu, osoba musí byť pod stálym priamym dohľadom osoby, ktorá je držiteľom preukazu odbornej spôsobilosti, a výkon fyzickej ochrany môže byť vykonávaný iba u jedného prevádzkovateľa bezpečnostnej služby a najdlhšie po dobu troch mesiacov;c
1;Ukladať plnenie úloh, ktoré nie sú v súlade so zákonom o súkromnej bezpečnosti alebo inými všeobecne záväznými právnymi predpismi, osobe poverenej výkonom fyzickej ochrany, pátrania, odbornej prípravy prevádzkovateľ ;môže za podmienok ustanovených v zákone o súkromnej bezpečnosti;Nesmie;nesmie len v prípadoch zásahov, v súvislosti s obmedzením osobnej slobody osoby;b
1;Vykonať zásah môže osoba poverená výkonom fyzickej ochrany alebo pátrania len;ak je porušovaný alebo ohrozovaný záujem chránený bezpečnostnou službou a len v súlade so zákonom a inými všeobecne záväznými právnymi predpismi;ak je poškodený záujem chránený bezpečnostnou službou a len v súlade s Trestným  zákonom ;ak je páchaný trestný čin;a
1;Ak je vykonaný zásah podľa zákona o súkromnej bezpečnosti, pri ktorom bola osoba zranená, je osoba poverená výkonom fyzickej ochrany alebo pátrania okrem ďalšieho povinná;zabrániť úteku poranenej osoby ;privolať lekára;poskytnúť osobe, ktorá bola pri tejto činnosti zranená, neodkladne nevyhnutnú pomoc vrátane privolania lekára;c
1;Osoba poverená výkonom fyzickej ochrany alebo pátrania je v súvislosti s vykonávaním zásahu povinná ohlásiť prevádzkovateľovi  alebo osobe ním určenej;každé poškodenie chráneného majetku, nie však zranenie osôb;každý prípad smrti, každý prípad zranenia osoby, ako aj každé porušenie alebo závažné ohrozenie záujmu chráneného bezpečnostnou službou;každý zásah ;b
1;Osoba poverená výkonom fyzickej ochrany alebo pátrania podľa zákona o súkromnej bezpečnosti strelnú zbraň;nie je oprávnená držať a nosiť;je oprávnená držať a nosiť  za podmienok ustanovených osobitným predpisom;je oprávnená držať a nosiť podľa svojho rozhodnutia;b
1;Osoba poverená výkonom fyzickej ochrany alebo pátrania podľa zákona o súkromnej bezpečnosti strelnú zbraň smie použiť;iba za podmienok ustanovených osobitným predpisom;iba ako donucovací prostriedok;iba ako vecný bezpečnostný prostriedok;a
1;Odobrať predmety pochádzajúce z protiprávnej činnosti súvisiacej s chráneným objektom, chráneným miestom alebo chránenou osobou, osoba poverená výkonom fyzickej ochrany ;nie je oprávnená;je oprávnená len v súvislosti s ochranou objektov osobitnej dôležitosti;je oprávnená;c
1;Osoba poverená výkonom fyzickej ochrany nemôže ;zakázať vstup do chráneného objektu alebo na chránené miesto nepovolaným osobám;zakázať vstup do chráneného objektu alebo na chránené miesto príslušníkom ozbrojených síl Slovenskej republiky, ozbrojeného bezpečnostného zboru, ozbrojeného zboru, ak do chráneného objektu alebo na chránené miesto vstupujú na služobný účel, pričom zakázať vstup do chráneného objektu nemožno ani osobám, ktoré sú k tomu oprávnené podľa osobitných predpisov.;zakázať vstup do chráneného objektu alebo na chránené miesto osobám, ktoré majú pri sebe zbraň, ak je do chráneného objektu alebo na chránené miesto vstup so zbraňou zakázaný;b
1;Osoba poverená výkonom fyzickej ochrany pre účely vedenia evidencie o vstupe alebo výstupe osôb a dopravných prostriedkov do chráneného objektu, alebo z chráneného objektu, alebo na chránené miesto alebo z chráneného miesta vyžadovať preukázanie totožnosti;je oprávnená len v prípadoch domáhania sa vstupu násilným spôsobom;nie je oprávnená;je oprávnená;c
1;Osoba poverená výkonom fyzickej ochrany je oprávnená vyžadovať preukázanie totožnosti ;u osoby, ktorá je pristihnutá pri páchaní priestupku alebo trestného činu, ktorý súvisí s výkonom fyzickej ochrany, alebo bezprostredne po spáchaní takéhoto priestupku alebo trestného činu, a u osoby, ktorá bola pristihnutá pri neoprávnenom vstupe do chráneného objektu alebo na chránené miesto, alebo osoby, ktorá bola pristihnutá pri neoprávnenom výstupe z chráneného objektu alebo z chráneného miesta;iba u osoby, ktorá je pristihnutá pri páchaní priestupku alebo trestného činu, ktorý súvisí s výkonom fyzickej ochrany;iba u právnickej osoby, ktorá je pristihnutá pri páchaní priestupku alebo trestného činu, ktorý súvisí s výkonom fyzickej ochrany, alebo bezprostredne po spáchaní takéhoto priestupku alebo trestného činu;a
1;Oprávnenie presvedčiť sa, či ten, kto vstupuje do chráneného objektu alebo na chránené miesto s dopravným prostriedkom alebo z neho vystupuje s dopravným prostriedkom, nemá v dopravnom prostriedku alebo na dopravnom prostriedku predmety alebo zvieratá pochádzajúce z protiprávnej činnosti súvisiacej s chránenou osobou alebo s chráneným objektom, alebo s chráneným miestom, alebo predmety, ktorými by mohol spáchať protiprávnu činnosť, a tieto mu odobrať, nemožno použiť proti;pracovníkom cudzích súkromných bezpečnostných služieb;príslušníkom ozbrojených síl Slovenskej republiky, ozbrojeného bezpečnostného zboru, ozbrojeného zboru, Slovenskej informačnej služby, Národného bezpečnostného úradu a Vojenskej polície a iným osobám, ktoré plnia úlohy verejnej správy a do chráneného objektu alebo na chránené miesto vstupujú za súkromným účelom;príslušníkom ozbrojených síl Slovenskej republiky, ozbrojeného bezpečnostného zboru, ozbrojeného zboru, ak do chráneného objektu alebo na chránené miesto vstupujú na služobný účel;c
1;Osoba poverená výkonom fyzickej ochrany je oprávnená predviesť na strážne stanovisko osobu,  len ;ak táto osoba je pod vplyvom alkoholu;ak táto osoba odmieta alebo nemôže hodnoverne preukázať svoju totožnosť a bola pristihnutá pri páchaní priestupku alebo bezprostredne po spáchaní priestupku, alebo ktorá bola pristihnutá pri neoprávnenom vstupe do chráneného objektu alebo na chránené miesto alebo pri neoprávnenom výstupe z chráneného objektu alebo z chráneného miesta;ak táto osoba odmieta alebo nemôže hodnoverne preukázať svoju totožnosť a bola pristihnutá pri neoprávnenom vstupe do chráneného objektu alebo na chránené miesto alebo pri neoprávnenom výstupe z chráneného objektu alebo z chráneného miesta;b
1;Oprávnenie za podmienok podľa osobitného predpisu presvedčiť sa, či osoba, ktorá vstupuje do chráneného objektu alebo na chránené miesto alebo z neho vystupuje nie je pod vplyvom alkoholu, omamných látok alebo psychotropných látok podľa zákona o súkromnej bezpečnosti, môže využiť len osoba;poverená výkonom pátrania podľa zákona o súkromnej bezpečnosti;poverená výkonom fyzickej ochrany podľa zákona o súkromnej bezpečnosti;poverená výkonom ochrannej služby podľa zákona o súkromnej bezpečnosti;b
1;Osoba poverená výkonom fyzickej ochrany, pátrania, odbornej prípravy a poradenstva pri plnení úloh podľa zákona o súkromnej bezpečnosti používať maskovanie tváre;nesmie;smie v prípade, ak je ohrozený jej život a zdravie ;smie so súhlasom orgánu štátneho dozoru ;a
1;Prevádzkovateľ bezpečnostnej služby podľa zákona o súkromnej bezpečnosti vozidlá so zvláštnymi výstražnými znameniami;smie používať, ak zároveň prevádzkuje zariadenie poplachového systému alebo časť takéhoto zariadenia, vyhodnocuje narušenie chráneného objektu alebo chráneného miesta alebo prevádzkuje iný systém slúžiaci na ochranu majetku a osoby;smie používať so súhlasom dopravného inšpektorátu;nesmie používať;c
1;Fyzická ochrana obchôdzkou alebo strážením alebo pátranie monitorovaním činnosti osoby v uzavretom priestore alebo v uzavretom mieste v zmysle zákona o súkromnej bezpečnosti sa musí vykonávať podľa;dodatočne vypracovaného plánu služieb;vopred vypracovaného poplachového plánu;vopred vypracovaného plánu služieb;c
1;Osoba poverená výkonom fyzickej ochrany mimo času, keď plní úlohy podľa zákona o súkromnej bezpečnosti, viditeľne nosiť vecné bezpečnostné prostriedky;smie počas cesty do zamestnania;nesmie;smie, ak vecné bezpečnostné prostriedky sú v jej osobnom vlastníctve;b
1;Osoby poverené výkonom fyzickej ochrany alebo pátrania, ktoré vykonávajú ochranu objektov osobitnej dôležitosti, musia mať;bezpečnostnú prax  najmenej tri roky;prax v ozbrojených silách, ozbrojených zboroch a ozbrojených bezpečnostných zboroch najmenej dva roky;prax vo výkone pátrania najmenej jeden rok;a
1;Identifikačný preukaz podľa zákona o súkromnej bezpečnosti osobe poverenej výkonom fyzickej ochrany, pátrania, odbornej prípravy a poradenstva podľa druhu činnosti vydáva;prevádzkovateľ bezpečnostnej služby;úrad súkromných bezpečnostných služieb Prezídia Policajného zboru;minister vnútra Slovenskej republiky ;a
1;Osoba môže byť podľa zákona o súkromnej bezpečnosti súčasne držiteľom;maximálne dvoch identifikačný preukazov;jedného identifikačného preukazu s označením toho druhu činnosti, ktorá prevažuje;maximálne dvoch identifikačný preukazov s označením pre každý druh činnosti ;b
1;Pri plnení úloh podľa zákona o súkromnej bezpečnosti na verejne prístupnom mieste je osoba poverená výkonom fyzickej ochrany povinná mať viditeľne umiestnený identifikačný preukaz;na ľavej strane odevu v oblasti pŕs;na pravej strane odevu v oblasti pŕs;na rovnošate, pričom jeho umiestnenie nie je rozhodujúce;a
1;Osoba poverená výkonom fyzickej ochrany, pátrania, odbornej prípravy a poradenstva podľa zákona o súkromnej bezpečnosti je povinná na požiadanie identifikačný preukaz predložiť ;Slovenskej obchodnej inšpekcii;len príslušníkovi Policajného zboru v rovnošate ;orgánu dozoru pri výkone štátneho dozoru, orgánu kontroly pri výkone kontroly alebo policajtovi, príslušníkovi Vojenskej polície;c
1;Rovnošaty a ich súčasti používané pri poskytovaní bezpečnostnej služby s rovnošatami príslušníkov ozbrojených síl Slovenskej republiky, ozbrojených bezpečnostných zborov, ozbrojených zborov a iných osôb, ktoré plnia úlohy verejnej správy;nesmú byť zameniteľné v súvislosti s používaním pri výkone pátrania ;nesmú byť zameniteľné na verejne prístupnom mieste;nesmú byť zameniteľné;c
1;Rovnošata používaná pri poskytovaní bezpečnostnej služby alebo iný odev používaný pri výkone fyzickej ochrany;musia byť označené znakom tak, aby bolo zrejmé, že ide o civilnú bezpečnostnú službu;musia byť označené znakom tak, aby bolo zrejmé, že ide o bezpečnostnú službu; to neplatí, ak ide o ochranu osoby;musia byť označené obchodným názvom prevádzkovateľa bezpečnostnej služby;b
1;Hodnostné označenie zhodné s hodnostným označením príslušníkov ozbrojených síl Slovenskej republiky, ozbrojených bezpečnostných zborov, ozbrojených zborov a iných osôb, ktoré plnia úlohy verejnej správy,;je neprípustné pri používaní rovnošaty na verejne prístupnom mieste;je dovolené;je neprípustné;c
1;Prevádzkovateľ strážnej služby je povinný v chránenom objekte viesť ;evidenciu služieb, evidenciu zásahov a inšpekčnú knihu dozoru;evidenciu zákrokov a evidenciu kontroly osôb;evidenciu služieb, evidenciu zásahov, evidenciu vstupu do objektu ;a
1;Prevádzkovateľ strážnej služby, ktorý prevádzkuje zariadenie poplachového systému alebo časť takéhoto zariadenia, vyhodnocuje narušenie chráneného objektu alebo chráneného miesta alebo ktorý prevádzkuje iný systém slúžiaci na ochranu majetku a osoby, je povinný zabezpečiť okamžité preverenie signálu;najmenej dvomi odborne spôsobilými osobami poverenými výkonom fyzickej ochrany alebo prostredníctvom kamerového systému;odborne spôsobilou osobou poverenou výkonom fyzickej ochrany;dostatočným počtom odborne spôsobilých osôb poverených výkonom pátrania;a
1;Motorové vozidlo používané na preverenie signálu podľa zákona o súkromnej bezpečnosti musí byť označené čitateľným nápisom ;"POPLACHOVÉ VOZIDLO";"ZÁSAHOVÉ VOZIDLO";"ZÁSAHOVKA SBS ";b
1;Ochranu osoby podľa zákona o súkromnej bezpečnosti možno vykonávať ;len v prípade bezprostredného ohrozenia života a zdravia osoby;len s jej výslovným súhlasom v prípade, že dovŕšila vek 20 rokov;len s jej výslovným súhlasom;c
1;Pri prevádzkovaní detektívnej služby podľa zákona o súkromnej bezpečnosti sa nesmie pátrať po;politickom alebo náboženskom presvedčení osoby alebo po jej príslušnosti k určitej sekte;politickom, odborárskom alebo náboženskom presvedčení osoby alebo po jej príslušnosti k určitej rase, etnickej skupine alebo národnosti;spôsobilosti na právne úkony;b
1;Prevádzkovateľ detektívnej služby podľa zákona o súkromnej bezpečnosti môže informácie získané v súvislosti s poskytovaním detektívnej služby oznámiť iba osobe,;ktorá uzavrela zmluvu o poskytovaní detektívnej služby, alebo osobe  voči ktorej bolo pátranie vedené;voči ktorej bolo pátranie vedené;ktorá uzavrela zmluvu o poskytovaní detektívnej služby, alebo osobe ňou písomne splnomocnenej;c
1;Štátny dozor nad dodržiavaním povinností ustanovených zákonom o súkromnej bezpečnosti alebo na jeho základe fyzickým osobám a právnickým osobám vykonáva;Ministerstvo vnútra Slovenskej republiky;Národný bezpečnostný úrad;krajské riaditeľstvo Policajného zboru;a
1;Krajské riaditeľstvo Policajného zboru vykonáva podľa zákona o súkromnej bezpečnosti vo svojej pôsobnosti ;kontrolu nad dodržiavaním povinností ustanovených týmto zákonom, osobitným predpisom upravujúcim profesionálnu cezhraničnú prepravu eurovej hotovosti cestnou dopravou alebo na ich základe fyzickým osobám a právnickým osobám;štátny dozor nad dodržiavaním povinností ustanovených zákonom o súkromnej bezpečnosti alebo na jeho základe fyzickým osobám a právnickým osobám;revíziu činností Policajného zboru na úseku súkromnej bezpečnosti ;a
1;Kontrolu činnosti podľa zákona o súkromnej bezpečnosti ;je oprávnený vykonávať každý policajt a v rozsahu ustanovenom týmto zákonom aj príslušník Slovenskej informačnej služby a Národného bezpečnostného úradu;je oprávnený vykonávať len príslušník Policajného zboru v služobnej rovnošate;je oprávnená vykonávať osoba poverená výkonom štátneho dozoru, kontroly alebo každý policajt a v rozsahu ustanovenom týmto zákonom aj príslušník Vojenskej polície;c
1;Zadržať preukaz odbornej spôsobilosti podľa zákona o súkromnej bezpečnosti osobe poverenej výkonom fyzickej ochrany, pátrania, odbornej prípravy a poradenstva, policajt pri výkone kontroly činnosti;nie je oprávnený;je oprávnený;je oprávnený len v prípade, ak je táto osoba pod vplyvom alkoholu ;b
1;Jedným z dôvodov zadržania preukazu odbornej spôsobilosti osobe podľa zákona o súkromnej bezpečnosti je aj;podozrenie zo spáchania trestného činu ublíženia na zdraví;odmietnutie podrobiť sa skúške, či nie je pod vplyvom alkoholických nápojov alebo iných návykových látok;odmietnutie podrobiť sa skúške, či nie je pod vplyvom anabolických steroidov;b
1;Osoby poverené výkonom štátneho dozoru alebo kontroly alebo policajti pri výkone kontroly činnosti podľa zákona o súkromnej bezpečnosti sú oprávnení;vstupovať do objektov, na pozemky a do iných priestorov, ak súvisia s predmetom štátneho dozoru, kontroly alebo kontroly činnosti, a vyžadovať súčinnosť kontrolovaného subjektu a jeho zamestnancov;kedykoľvek vstupovať do objektov, na pozemky a do iných priestorov;vstupovať do objektov, na pozemky a do iných priestorov, ak súvisia s predmetom štátnej kontroly a vyžadovať súčinnosť kontrolovaného subjektu a jeho zamestnancov;a
1;Za spáchanie priestupku na úseku súkromnej bezpečnosti, policajt pri výkone kontroly činnosti uložiť blokovú pokutu  ;môže osobe poverenej výkonom fyzickej ochrany;môže do 160 eur;nemôže;c
2;Slovenská republika je zvrchovaný, demokratický a právny štát, ktorý;sa neviaže na nijakú ideológiu ani náboženstvo;vychádza z náboženskej ideológie;vychádza z vedúcej úlohy marxistickej ľavice;a
2;V SR štátna moc vychádza od občanov, ktorí ju vykonávajú prostredníctvom svojich;volených zástupcov alebo priamo;nevolených zástupcov;nepriamych zástupcov;a
2;Štátne orgány môžu konať iba na základe ústavy a;v jej medziach a medziach rozhodnutí obecného zastupiteľstva;v jej medziach a medziach rozhodnutí mestského zastupiteľstva;v jej medziach a v rozsahu a spôsobom, ktorý ustanoví zákon ;c
2;Každý môže konať, čo nie je zákonom zakázané, a nikoho nemožno nútiť;aby konal niečo, čo ukladá poslanec;aby niečo nekonal;aby niečo konal, čo zákon neukladá ;c
2;Každý má právo na život. Ľudský život je hodný ochrany už pred narodením. Nikto nesmie byť;pozbavený života;pozbavený smrti;pozbavený rodičov;a
2;Štátnymi symbolmi sú;štátna polícia, štátna pečať, štátna hymna;štátny znak, štátna vlajka, štátna pečať, štátna hymna ;štátny znak, štátna hymna, štátna polícia;b
2;Nedotknuteľnosť osoby a jej súkromia je zaručená. Obmedzená môže byť len v prípadoch ustanovených;zákonom;zákonným opatrením;zákonitým zákonom;a
2;Obydlie je nedotknuteľné, nie je dovolené doň vstúpiť;bez súhlasu obidvoch manželov, ak sa jedná o manželov;bez súhlasu majiteľa;bez súhlasu toho, kto v ňom býva ;c
2;Sloboda pohybu a pobytu sa zaručuje. Každý, kto sa oprávnene zdržiava na území SR;nemá právo toto územie opustiť;má právo toto územie opustiť, ak táto sloboda nie je obmedzená zákonom alebo to nie je nevyhnutné z iných dôvodov ;nesmie toto územie opustiť;b
2;Na slobodný vstup na územie SR má právo ;nikto;každý občan ;len poslanec;b
2;Podľa Ústavy SR spôsobilosť na práva má;každý;nikto;len poslanec;a
2;Podľa Ústavy SR právo vlastniť majetok má;nikto;každý ;len poslanec;b
2;Občana SR;nemožno nútiť, aby opustil vlasť, a nemožno ho vyhostiť;možno nútiť, aby opustil vlasť, a vyhostiť ho;nemožno vyhostiť, ale prinútiť, aby opustil vlasť ho možno;a
2;Ústava SR zaručuje ;slobodu viery a v tom aj právo byť bez vyznania;slobodu vyznania a v tom aj povinnosť mať náboženské vyznanie;slobodu vyznania a viery a vtom aj právo byť bez náboženského vyznania ;c
2;Podľa Ústavy SR cenzúra;je povolená v prípade protištátnych a pornografických materiálov;je zakázaná v prípade protištátnych a pornografických materiálov;sa zakazuje ;c
2;Právo pokojne sa zhromažďovať sa Ústavou SR zaručuje. Zhromaždenie;sa nesmie podmieňovať povolením orgánu verejnej moci;je podmienené povolením orgánu verejnej moci;je podmienené povolením orgánu neverejnej moci;a
2;Právo slobodne sa združovať zaručené Ústavou SR znamená, že;občania majú právo zakladať politické strany a politické hnutia a združovať sa v nich;občania majú právo zakladať politické strany bez toho, aby sa v nich združovali;občania nemajú právo zakladať politické strany a politické hnutia bez toho, aby sa v nich združovali;a
2;Petičné právo sa zaručuje. Petíciou;možno vyzývať na porušovanie základných práv a slobôd;nemožno vyzývať na porušovania základných práv a slobôd ;možno i nemožno vyzývať na porušovanie základných práv a slobôd;b
2;Ústava SR zaručuje volebné právo;všeobecné, rovné a priame, ktoré sa vykonáva tajným hlasovaním;komunikatívne, rovné a priame, ktoré sa nevykonáva tajným hlasovaním;všeobecné, rovné a priame, ktoré sa vykonáva verejným hlasovaním;a
2;Každý má právo na slobodnú voľbu povolania, prípravu naň, ako aj právo podnikať,;zákon musí obmedziť podmienky výkonu určitých povolaní;podmienky o obmedzenia výkonu určitých povolaní alebo činností nemôže obmedziť ani zákon;podmienky a obmedzenia výkonu určitých povolaní alebo činností môže obmedziť zákon ;c
2;Podľa Ústavy SR sú ľudia slobodní a rovní v dôstojnosti aj právach. Základné práva a slobody sú;neodňateľné, nescudziteľné, nepremlčateľné a nezrušiteľné;nescudziteľné, premlčateľné, zrušiteľné a nezlučiteľné;nepremlčateľné, nezrušiteľné, odňateľné a scudziteľné;a
2;Medze základných práv a slobôd možno upraviť;Ústavou SR a vyhláškou;za podmienok ustanovených vyhláškou;za podmienok ustanovených Ústavou SR len zákonom ;c
2;Politické strany a politické hnutia sú;súčasťou štátnej moci;oddelené od štátu ;súčasťou štátnej správy;b
2;Odborové organizácie vznikajú;nezávisle od štátu;ako súčasť štátnej moci;ako súčasť štátnej správy;a
2;Cirkvi a náboženské spoločnosti spravujú svoje náležitosti;ako súčasť štátnej správy;ako súčasť štátnej moci;samy ;c
3;Ochranu osobných údajov fyzických osôb pri ich spracúvaní upravuje;zákon o ochrane osobných údajov ;zákon o súkromnej bezpečnosti;Ústava Slovenskej republiky;a
3;Spracúvať osobné údaje, ktoré odhaľujú rasový alebo etnický pôvod, politické názory, náboženskú vieru alebo svetonázor, členstvo v politických stranách alebo politických hnutiach, členstvo v odborových organizáciách a údaje týkajúce sa zdravia alebo pohlavného života;je povolené vždy;je povolené za účelom vykonávania fyzickej ochrany alebo pátrania podľa zákona o  súkromnej bezpečnosti;je zakázané;c
3;Spracúvanie osobných údajov;nesmie byť v rozpore s Ústavou Slovenskej republiky, ústavnými zákonmi, zákonmi a medzinárodnými zmluvami, ktorými je Slovenská republika viazaná;nesmie byť v rozpore len s Ústavou Slovenskej republiky a zákonom ochrane osobných údajov;nesmie byť rozpore len s Ústavou Slovenskej republiky;a
3;Získavať osobné údaje nevyhnutné na dosiahnutie účelu spracúvania kopírovaním, skenovaním alebo iným zaznamenávaním úradných dokladov na nosič informácií možno len vtedy;ak s tým dotknutá osoba ústne súhlasí alebo ak to osobitný zákon výslovne umožňuje bez súhlasu dotknutej osoby;ak s tým dotknutá osoba písomne súhlasí alebo ak to osobitný zákon výslovne umožňuje bez súhlasu dotknutej osoby;ak s tým dotknutá osoba ústne súhlasí alebo ak to osobitný zákon povoľuje;b
3;Priestor prístupný verejnosti možno monitorovať pomocou videozáznamu alebo audiozáznamu len;na účely verejného poriadku a bezpečnosti, odhaľovania kriminality alebo narušenia bezpečnosti štátu, a to len vtedy, ak priestor je zreteľne označený ako monitorovaný, označenie monitorovaného priestoru sa nevyžaduje, ak tak ustanovuje osobitný zákon;na účely odhaľovania kriminality alebo narušenia bezpečnosti štátu, a to len vtedy, ak priestor je zreteľne označený ako monitorovaný, pričom na účely verejného poriadku a bezpečnosti nie je možné monitorovať priestor;na účely verejného poriadku a bezpečnosti, odhaľovania kriminality alebo narušenia bezpečnosti štátu bez ohľadu na to, či je priestor označený ako monitorovaný;a
3;Likvidáciu osobných údajov podľa zákona o ochrane osobných údajov zabezpečuje;prevádzkovateľ osobných údajov po splnení účelu spracúvania;dotknutá osoba po splnení účelu spracúvania;ktokoľvek;a
3;Za bezpečnosť osobných údajov podľa zákona o ochrane osobných údajov zodpovedá;len prevádzkovateľ, ktorý spracováva osobné údaje;len sprostredkovateľ osobných údajov;prevádzkovateľ aj sprostredkovateľ osobných údajov;c
3;Spracúvanie osobných údajov o psychickej identite fyzickej osoby alebo o jej psychickej pracovnej spôsobilosti môže vykonávať;psychológ;prevádzkovateľ bezpečnostnej služby;ktokoľvek;a
3;Orgánom štátnej správy ktorý vykonáva dozor nad ochranou osobných údajov je;Úrad súkromných bezpečnostných služieb Prezídia Policajného zboru ;Úrad na ochranu osobných údajov Slovenskej republiky;Úrad práce, sociálnych vecí a rodiny;b
3;Účelom spracúvania osobných údajov je;vopred jednoznačne vymedzený alebo ustanovený zámer spracúvania osobných údajov, ktorý sa viaže na určitú činnosť;vopred jednoznačne vymedzený alebo ustanovený zámer spracúvania osobných údajov, ktorý sa neviaže na určitú činnosť;vopred nevymedzený zámer spracovania osobných údajov, ktorý sa viaže na určitú činnosť;a
3;Anonymizovaným osobným údajom podľa zákona o ochrane osobných údajov je údaj upravený do takej formy,;v ktorej ho nemožno priradiť dotknutej osobe, ktorej sa týka;v ktorej ho možno priradiť dotknutej osobe, ktorej sa týka;v ktorej ho možno priradiť ktorejkoľvek inej osobe;a
3;Ten, kto mieni zverejniť osobné údaje dotknutej osoby;nesmie svojím konaním neoprávnene zasahovať do práva na ochranu jej osobnosti a súkromia a ich zverejnenie nesmie byť v rozpore s oprávnenými záujmami dotknutej osoby;nesmie svojím konaním neoprávnene zasahovať do práva na ochranu jej osobnosti a súkromia a ich zverejnenie môže byť v rozpore s oprávnenými záujmami dotknutej osoby;môže svojím konaním neoprávnene zasahovať do práva na ochranu jej osobnosti a súkromia a ich zverejnenie môže byť v rozpore s oprávnenými záujmami dotknutej osoby;a
3;Prevádzkovateľ a sprostredkovateľ osobných údajov mlčanlivosť o osobných údajoch, ktoré spracúvajú;sú povinní zachovávať len počas spracúvania;sú povinní zachovávať aj po ukončení spracúvania;nie sú povinní zachovávať;b
3;Osobný údaj fyzickej osoby podľa zákona o ochrane osobných údajov, na základe ktorého je osoba jednoznačne a nezameniteľne určiteľná sa nazýva;biometrický údaj;barometrický údaj;kriminalistický údaj;a
3;Stav ochrany osobných údajov, registráciu informačných systémov a vedenie evidencie o informačných systémoch sleduje;Národný bezpečnostný úrad;Úrad súkromných bezpečnostných služieb Prezídia Policajného zboru;Úradu na ochranu osobných údajov Slovenskej republiky;c
4;Na zodpovednosť za priestupok;stačí zavinenie z nedbanlivosti, ak zákon výslovne neustanoví, že je potrebné úmyselné zavinenie;stačí zavinenie úmyselné, ak zákon výslovne neustanoví, že je potrebné zavinenie z nedbanlivosti;sa zavinenie nevyžaduje;a
4;Priestupkom nie je ani konanie, ktorým niekto odvracia;neprimeraným spôsobom priamo hroziaci útok na záujem chránený zákonom;primeraným spôsobom priamo hroziaci útok na záujem chránený zákonom;primeraným spôsobom hroziaci záujem na  útok chránený zákonom;b
4;Priestupkom nie je ani konanie, ktorým niekto odvracia;nebezpečenstvo priamo hroziace záujmu chránenému zákonom, ak takým konaním bol spôsobený zrejme závažný následok ako ten, ktorý hrozil, a toto nebezpečenstvo nebolo možné v danej situácii odstrániť inak;nebezpečenstvo priamo hroziace záujmu chránenému zákonom, ak takým konaním nebol spôsobený zrejme rovnako závažný následok ako ten, ktorý hrozil, a toto nebezpečenstvo nebolo možné v danej situácii odstrániť inak;nebezpečenstvo priamo hroziace záujmu chránenému zákonom, ak takým konaním nebol spôsobený zrejme rovnako závažný následok ako ten, ktorý hrozil, a toto nebezpečenstvo bolo možné v danej situácii odstrániť inak;b
4;Za porušenie povinnosti uloženej prevádzkovateľovi súkromnej bezpečnostnej služby, ktorý je právnickou osobou, podľa zákona o priestupkoch v znení neskorších predpisov;nezodpovedá nikto;zodpovedá ten, kto za právnickú osobu konal alebo mal konať alebo ten, kto dal na konanie príkaz;zodpovedá právnická osoba;b
4;Za porušenie povinnosti uloženej prevádzkovateľovi súkromnej bezpečnostnej služby, ktorý je fyzickou osobou, podľa zákona o priestupkoch v znení neskorších predpisov;zodpovedá fyzická osoba;zodpovedá ten, kto za fyzickú osobu konal alebo mal konať alebo ten, kto dal na konanie príkaz;nezodpovedá nikto;a
4;Podľa zákona o priestupkoch platného v Slovenskej republike;nemožno posudzovať žiadne priestupky spáchané v cudzine;možno posudzovať aj niektoré priestupky spáchané v cudzine;možno posudzovať všetky priestupky spáchané v cudzine;b
4;Za priestupok podľa zákona o priestupkoch platného v Slovenskej republike nemožno uložiť;prepadnutie veci;zákaz pobytu;pokarhanie;b
4;Medzi ochranné opatrenia podľa zákona o priestupkoch platného v Slovenskej republike nepatrí;obmedzujúce opatrenie;ochranný dohľad;zhabanie veci;b
4;Priestupky vo všeobecnosti podľa zákona o priestupkoch platného v Slovenskej republike prejednávajú;správne orgány;súdne orgány;správne súdy;a
4;Podať nevyhnutné vysvetlenie na preverenie oznámenia o priestupku orgánu oprávnenému objasňovať priestupky je povinný;nikto;iba ten, kto prevádzkuje súkromnú bezpečnostnú službu alebo technickú službu;každý;c
4;Ak zákon o priestupkoch alebo iný zákon neustanovuje inak, za priestupok možno v blokovom konaní uložiť pokutu;do 33 eur;33 eur;126 eur;a
4;V rozkaznom konaní možno uložiť pokutu, ak zákon o priestupkoch alebo iný zákon neustanovuje inak;do 250 eur;do 300 eur;250 eur;a
4;Konanie, ktoré má znaky priestupku a dopustil sa ho zamestnanec súkromnej bezpečnostnej služby;sa prejedná podľa osobitných predpisov;sa prejedná podľa všeobecných predpisov o prejednávaní priestupkov;sa neprejedná;b
4;Konanie, ktoré má znaky priestupku a dopustil sa ho príslušník Vojenskej polície;sa prejedná podľa osobitných predpisov;sa prejedná podľa všeobecných predpisov o prejednávaní priestupkov;sa neprejedná;a
4;Štatutárny orgán právnickej osoby, ktorá žiada o udelenie licencie na prevádzkovanie detektívnej služby a v žiadosti o udelenie licencie alebo v čestnom vyhlásení uvedie nepravdivé údaje;dopustí sa správneho deliktu;dopustí sa priestupku;nedopustí sa žiadneho protiprávneho činu;b
4;V konaní o priestupku nemožno uložiť;prepadnutie veci;odňatie veci;zhabanie veci;b
4;Priestupku podľa zákona o priestupkoch platného v Slovenskej republike;sa môže dopustiť iba právnická osoba;sa môže dopustiť iba fyzická osoba;sa môže dopustiť fyzická osoba aj právnická osoba;b
4;Podľa zákona o priestupkoch platného v Slovenskej republike o priestupku v prvom stupni koná správny orgán;v písomnom pojednávaní;v ústnom pojednávaní;ústnom alebo písomnom pojednávanie;b
4;Obvinený z priestupku proti rozkazu o uložení pokuty môže podať;odpor po 15 dňoch odo dňa doručenia rozkazu;odpor do 15 dní odo dňa doručenia rozkazu;odpor do 7 dní odo dňa doručenia rozkazu;b
4;Osobu, ktorá spáchala priestupok, osoba poverená výkonom fyzickej ochrany ;môže obmedziť na osobnej slobode podľa Trestného poriadku;nemôže obmedziť na osobnej slobode podľa Trestného poriadku;môže zadržať;b
4;Osobe, ktorá bola pristihnutá pri páchaní priestupku, osoba poverená pátraním;môže vykonať osobnú prehliadku podľa Trestného poriadku;nemôže vykonať osobnú prehliadku podľa Trestného poriadku;môže vykonať osobnú prehliadku, ak je toho istého pohlavia;b
4;Priestupok proti majetku možno spáchať;úmyselným zavinením;zavinením z nedbanlivosti;zavinením čo aj z nedbanlivosti;a
4;Zodpovednosť za priestupok zaniká;ak od jeho spáchania neuplynuli dva roky alebo ak sa na priestupok vzťahuje amnestia;ak od jeho spáchania uplynuli dva roky alebo ak sa na priestupok vzťahuje amnestia;ak od jeho spáchania uplynul  rok  alebo ak sa na priestupok vzťahuje amnestia;b
4;Na prejednávanie priestupkov na úseku súkromnej bezpečnosti;sa vzťahuje zákon o súkromnej bezpečnosti, ak zákon o priestupkoch neustanovuje inak;sa vzťahuje zákon o priestupkoch, ak zákon o súkromnej bezpečnosti neustanovuje inak;sa vzťahuje zákon o priestupkoch, ak správny poriadok neustanovuje inak;b
4;Priestupky sú upravené;iba v zákone o súkromných bezpečnostných službách;iba v zákone o priestupkoch;v zákone o priestupkoch alebo v inom zákone;c
5;Trestný čin je;protiprávny čin, ktorého znaky sú uvedené v Trestnom zákone, ak Trestný zákon neustanovuje inak;protiprávne konanie uvedené v zákone o priestupkoch;protiprávne konanie uvedené v Trestnom zákone aj v zákone o priestupkoch;a
5;Druhy trestných činov sú;prečin a priestupok;priestupok a zločin;prečin a zločin;c
5;Trestne zodpovedná je ;právnická osoba alebo fyzická osoba staršia ako 15 rokov, príčetná;fyzická osoba, staršia ako 14 rokov (okrem trestného činu sexuálneho zneužívania), príčetná;každá osoba;b
5;Páchateľom trestného činu je;ten, kto spáchal trestný čin a dovŕšil 18 rok svojho veku;ten, kto trestný čin spáchal sám;ten, kto iného naviedol na spáchanie trestného činu;b
5;V krajnej núdzi sa odvracia;nebezpečenstvo priamo hroziace záujmu chránenému Trestným zákonom;priamo hroziaci alebo trvajúci útok;trvajúci útok na záujem chránený Trestným zákonom;a
5;V krajnej núdzi môže konať;iba plnoletá osoba;iba policajt;ktokoľvek;c
5;Osoba môže konať v nutnej obrane, ak;útok priamo hrozí alebo trvá;útok priamo hrozí alebo trvá, alebo sa dal útočník na útek;iného pristihne pri trestnom čine;a
5;Nutná obrana nesmie byť voči útoku;celkom zjavne neprimeraná;primeraná;rovnako intenzívna;a
5;Trestného činu krádeže sa dopustí ten, kto si prisvojí cudziu vec tým, že sa jej zmocní a spôsobí tak škodu vyššiu ako;150 eur;266 eur;minimálna mzda;b
5;Kto si prisvojí cudziu vec tým, že sa jej zmocní, a čin spácha vlámaním;dopustí sa priestupku;dopustí sa trestného činu, len ak je škoda vyššia ako 266 eur;dopustí sa trestného činu, aj keď je škoda menšia ako 266 eur;c
5;Neoprávneného obmedzovania osobnej slobody sa dopustí ten,;kto obmedzí osobnú slobodu osobe pristihnutej pri trestnom čine;kto inému bez oprávnenia bráni užívať osobnú slobodu;kto neoprávnene vnikne do obydlia iného;b
5;Trestného činu obmedzovania osobnej slobody sa môže dopustiť ;ktokoľvek;len osoba poverená výkonom fyzickej ochrany v čase služby;len osoba, ktorá dovŕšila 18. rok svojho veku;a
5;Osoba poverená výkonom fyzickej ochrany alebo pátrania, ktorej bol uložený v konaní o priestupku zákaz činnosti, a aj napriek zákazu túto činnosť vykonáva;dopustí sa tým ďalšieho priestupku;dopustí sa tým  trestného činu marenia výkonu úradného rozhodnutia;dopustí sa tým len porušenia interných predpisov zamestnávateľa;b
5;Trestného činu ublíženia na zdraví sa môže osoba dopustiť;úmyselne alebo z nedbanlivosti;iba úmyselne;iba z nedbanlivosti;a
5;Trestnú zodpovednosť za spáchanie trestného činu na území Slovenskej republiky má ;ktokoľvek;iba občan Slovenskej republiky;iba cudzinec s trvalým pobytom na území Slovenskej republiky;a
5;Policajt môže vstupovať do obydlia, iných priestorov a na pozemok ;ak vec neznesie odklad a vstup je nevyhnutný na ochranu života alebo zdravia osôb, ochranu štátu, udržanie verejného poriadku, ochranu majetku alebo ochranu práv a slobôd iných;len s predchádzajúcim súhlasom prokurátora;len s predchádzajúcim súhlasom sudcu;a
5;Osobnú prehliadku podľa Trestného poriadku môže vykonať;osoba poverená výkonom fyzickej ochrany;každý, kto pristihne osobu pri páchaní trestného činu;orgán, ktorý ju nariadil, alebo na jeho príkaz policajt;c
5;Povinnosť vydať vec dôležitú pre trestné konanie má;iba jej vlastník;každý;iba osoba poverená výkonom fyzickej ochrany;b
5;Každý, proti komu sa vedie trestné konanie, považuje sa za;vinného;nevinného, kým súd nevysloví právoplatným odsudzujúcim rozsudkom jeho vinu;nevinného, kým sa sám neprizná;b
5;Obmedziť osobnú slobodu poslanca Národnej rady Slovenskej republiky pristihnutého pri páchaní trestného činu;môže každý;môže iba príslušník PZ;nie je možné;a
5;Ak bol trestný čin spáchaný spoločným konaním dvoch alebo viacerých páchateľov (spolupáchatelia);zodpovedá každý z nich ako keby trestný čin spáchal sám;nezodpovedá za trestný čin nikto;zodpovedá len ten, kto sa na spáchaní trestného činu podieľal vo väčšej miere ;a
5;Ktokoľvek môže obmedziť osobnú slobodu osobe;pristihnutej pri priestupku alebo trestnom čine;pristihnutej pri priestupku;pristihnutej pri trestnom čine alebo bezprostredne po ňom;c
5;Osobu podozrivú zo spáchania trestného činu môže zadržať;policajt;osoba poverená výkonom fyzickej ochrany;každý;a
5;Osobnú slobodu osoby, ktorá bola pristihnutá pri trestnom čine alebo bezprostredne po ňom, môže obmedziť;iba policajt;každý;iba osoba poverená výkonom fyzickej ochrany alebo policajt;b
5;Ten, kto obmedzil osobnú slobodu osobe pristihnutej pri páchaní trestného činu alebo bezprostredne po ňom,;je povinný takúto osobu bezodkladne odovzdať útvaru Policajného zboru, Vojenskej polície alebo Colnej správy;nie je povinný takúto osobu bezodkladne odovzdať útvaru Policajného zboru, Vojenskej polície alebo Colnej správy;je povinný po zistení totožnosti osoby, túto okamžite prepustiť;a
5;O vine obžalovaného a treste za spáchaný trestný čin rozhodujú;správne orgány;vyšetrovatelia;súdy;c
5;Obhliadku podľa Trestného poriadku môže vykonať;osoba poverená výkonom fyzickej ochrany;orgán činný v trestnom konaní a v konaní pred súdom súd;osoba poverená výkonom pátrania;b
5;Svedkom v trestnom konaní môže byť;každý, kto dovŕšil 18 rokov;každý;len policajt;b
5;O zahladení odsúdenia rozhoduje;súd na žiadosť odsúdeného;prokurátor;policajt;a
5;Dôkazy pre účely trestného konania môžu obstarávať ;len orgány činné v trestnom konaní;len advokát;aj strany v trestnom konaní prostredníctvom detektívnej služby;c
6;Policajný zbor;je ozbrojený bezpečnostný zbor;je ozbrojená sila Slovenskej republiky;je orgán štátnej moci;a
6;Policajný zbor pri plnení svojich úloh;spolupracuje s prevádzkovateľmi súkromných bezpečnostných služieb, ak sú právnickými osobami;spolupracuje s prevádzkovateľmi súkromných bezpečnostných služieb bez ohľadu nato, či sú právnickými osobami alebo fyzickými osobami;spolupracuje s prevádzkovateľmi súkromných bezpečnostných služieb, ak sú fyzickými osobami;b
6;Policajný zbor sa člení na služby. Jeho súčasťou, okrem iných služieb, je aj;služba súkromných bezpečnostných služieb;detektívna služba;služba hraničnej polície;c
6;Policajný zbor je podriadený;ministrovi vnútra Slovenskej republiky;prezidentovi Policajného zboru;vláde Slovenskej republiky;a
6;Pri vykonávaní služobnej činnosti spojenej so zásahom do práv a slobôd osoby je policajt povinný túto osobu hneď, ako je to možné, poučiť o jej právach,;ak je táto osoba pristihnutá pri páchaní priestupku alebo trestného činu alebo iného  protiprávneho činu;bez ohľadu na to, či táto osoba je poškodenou osobou, alebo či je, alebo nie je páchateľom priestupku alebo trestného činu, alebo iného protiprávneho činu;ak je táto osoba poškodenou osobou v konaní o priestupku alebo v konaní o trestnom čine, alebo v konaní o inom protiprávnom čine;b
6;Policajt v službe je povinný vykonať služobný zákrok, ak je páchaný trestný čin alebo priestupok alebo je podozrenie z ich páchania. V čase mimo služby služobný zákrok;nie je povinný vykonať zákrok;je povinný vykonať tak, ako v službe;je povinný vykonať, ak je páchaný trestný čin alebo priestupok, ktorým je  bezprostredne ohrozený život, zdravie alebo majetok a nebránia tomu zákonné dôvody;c
6;Keď policajt vykonáva služobný zákrok, je povinný, ak to povaha a okolnosti dovoľujú, použiť výzvu;zodpovedajúcu zákroku;zodpovedajúcu páchateľovi, najmä jeho fyzickej a psychickej kondícii;zodpovedajúcu povahe poškodeného;a
6;Osoba poverená výkonom fyzickej ochrany pri vstupe príslušníka Policajného zboru v služobnej rovnošate s identifikačným číslom a pri výkone služobnej činnosti aj s menovkou policajta do objektu, v ktorom je oprávnená vykonávať kontrolu,;nie je oprávnená vyžadovať preukázanie príslušnosti k Policajnému zboru služobným preukazom príslušníka Policajného zboru;je oprávnená vyžadovať preukázanie príslušnosti k Policajnému zboru služobným preukazom príslušníka Policajného zboru;je oprávnená vyžadovať preukázanie príslušnosti k Policajnému zboru služobným preukazom príslušníka Policajného zboru, ak tam príslušník Policajného zboru vstupuje za služobným účelom;b
6;Policajt pri preukazovaní príslušnosti k Policajnému zboru podľa zákona o Policajnom zbore;služobný preukaz vydá z ruky na požiadanie osoby poverenej výkonom fyzickej ochrany, ktorá je oprávnená kontrolovať vstup osôb do objektu;služobný preukaz vydá z ruky na požiadanie osoby vstupujúcej do chráneného objektu bez ohľadu na to, či tam vstup kontroluje osoba poverená výkonom fyzickej ochrany;služobný preukaz nesmie vydať z rúk;c
6;Podľa zákona o Policajnom zbore, preukaz odbornej spôsobilosti vydaný podľa zákona o súkromnej bezpečnosti;nemožno považovať za doklad totožnosti na preukázanie totožnosti osoby;je dokladom totožnosti na preukázanie totožnosti, ak sa jedná o preukaz odbornej spôsobilosti typu S;je dokladom totožnosti na preukázanie totožnosti, ak sa jedná o preukaz odbornej spôsobilosti typu P;a
6;Pri plnení úloh vyplývajúcich zo zákona o Policajnom zbore je policajt, okrem iného, oprávnený dávať pokyny aj na;zastavenie dopravného prostriedku, zakázať jazdu alebo prikázať smer dopravného prostriedku; to neplatí pre dopravné prostriedky vykonávajúce prepravu osôb a majetku podľa zákona o súkromnej bezpečnosti;zastavenie dopravného prostriedku, zakázať jazdu alebo prikázať smer dopravného prostriedku;zastavenie dopravného prostriedku, zakázať jazdu alebo prikázať smer dopravného prostriedku iba vtedy, ak sa jedná o dopravné prostriedky vykonávajúce prepravu osôb a majetku podľa zákona o súkromnej bezpečnosti;b
6;Podľa zákona o Policajnom zbore, policajt je oprávnený presvedčiť sa, či osoba, proti ktorej vykonáva služobný zákrok, nemá pri sebe zbraň. Zamestnancovi súkromnej bezpečnostnej služby takúto zbraň;odňať nemôže;odňať nemôže, iba ak sa jedná o osobu poverenú výkonom fyzickej ochrany;odňať môže;c
6;So žiadosťou o pomoc sa na policajtov a útvary Policajného zboru má právo obracať;každý zamestnanec aj prevádzkovateľ súkromnej bezpečnostnej služby bez ohľadu na to, či ide o fyzickú osobu, alebo právnickú osobu;každý zamestnanec súkromnej bezpečnostnej služby, nie však prevádzkovateľ súkromnej bezpečnostnej služby, ktorý je právnickou osobou;každý prevádzkovateľ súkromnej bezpečnostnej služby bez ohľadu na to, či ide o fyzickú osobu, alebo právnickú osobu, nie však zamestnanec súkromnej bezpečnostnej služby;a
7;Obecná polícia je;poriadkový útvar obce;ozbrojený zbor;orgán verejnej samosprávy;a
7;Obecnú políciu zriaďuje ;Ministerstvo vnútra Slovenskej republiky zákonom;obec všeobecne záväzným nariadením;starosta obce uznesením;b
7;Obecná polícia úlohy vyplývajúce z rozhodnutí starostu obce;neplní;plní, ale iba vtedy, keď sa jedná o obec, ktorá je mestom;plní;c
7;Objasňovanie priestupkov obecná polícia;vykonáva, ak tak ustanovuje osobitný predpis, ktorým je  zákon o priestupkoch;vykonáva v takom rozsahu, ako Policajný zbor;vykonáva, ale iba priestupkov na úseku bezpečnosti a plynulosti cestnej premávky;a
7;Príslušník obecnej polície;ma vždy postavenie verejného činiteľa;má postavenie verejného činiteľa pri plnení úloh;nemá nikdy postavenie verejného činiteľa;b
7;Ak bol spáchaný trestný čin, príslušník obecnej polície;je povinný začať objasňovanie trestného činu;nie je povinný robiť žiadne úkony, lebo objasňovanie trestného činu je v pôsobnosti Policajného zboru;je povinný vec oznámiť Policajnému zboru;c
7;Príslušník obecnej polície môže osobe poverenej výkonom fyzickej ochrany uložiť v blokovom konaní pokutu za spáchanie priestupku na úseku verejného poriadku;za podmienok ustanovených zákonom o priestupkoch ;nemôže;za podmienok ustanovených zákonom o súkromnej bezpečnosti;a
7;Prevádzkovateľa súkromnej bezpečnostnej služby alebo zamestnanca súkromnej bezpečnostnej služby príslušník obecnej polície;zadržať nemôže nikdy;zadržať môže, ale iba vtedy, ak bol pristihnutý pri páchaní alebo bezprostredne po spáchaní trestného činu;zadržať  môže vždy;b
7;Vozidlá súkromných bezpečnostných služieb príslušníci obecnej polície zastavovať;nemôžu, ak sú vo vozidlách prepravované chránené osoby  ;nemôžu, ak je vo vozidlách prepravovaný majetok;môžu tak ako iné vozidlá;c
7;Vyzvať osobu poverenú výkonom fyzickej ochrany, aby preukázala svoju totožnosť,  príslušník obecnej polície;môže, ak je táto osoba pristihnutá pri spáchaní priestupku, alebo je od nej požadované vysvetlenie, alebo ide o hľadanú osobu;môže, ak je táto osoba pristihnutá pri spáchaní trestného činu;nemôže;a
7;Hmaty, chvaty, údery a kopy sebaobrany, slzotvorné prostriedky a obušok príslušník obecnej polície;je oprávnený použiť, aby zabránil násilnému vstupu nepovolaných osôb do chránených 	objektov alebo na miesta, kde je vstup zakázaný;je oprávnený použiť, ak osoba kladie pasívny odpor;je oprávnený použiť, ak osoba kladie mimoriadny odpor;a
7;Príslušník obecnej polície použiť putá;je oprávnený pri vykonávaní služobných úkonov so zadržanou osobou, ak je dôvodná obava, že sa pokúsi o útek;nie je oprávnený;je oprávnený vždy;a
8;Vojenská polícia je;policajná služba;ozbrojený bezpečnostný zbor;štátny orgán;a
8;Pôsobnosť Vojenskej polície sa na osoby poverené výkonom fyzickej ochrany;nevzťahuje;vzťahuje tak, ako na iné osoby;Vzťahuje,  iba  ak vykonávajú  fyzickú ochranu  vo vojenských priestoroch alebo vo vojenských objektoch;b
8;Vojenská polícia premávku motorových vozidiel súkromných bezpečnostných služieb na pozemných   komunikáciách;nie je oprávnená riadiť;je oprávnená riadiť, ak o tom  rozhodne  príslušný  dopravný inšpektorát  Policajného zboru;je oprávnená riadiť;a
8;Príslušnosť k Vojenskej polícii vojenský policajt nepreukazuje;odznakom Vojenskej polície;ústnym vyhlásením „Vojenská polícia“;služobným preukazom príslušníka Vojenskej polície s identifikačným číslom;a
8;Ak osoba poverená výkonom pátrania požiada vojenského policajta o poskytnutie pomoci, vojenský policajt;nie je nikdy povinný pomoc poskytnúť;je povinný pomoc poskytnúť v rozsahu úloh Vojenskej polície;je oprávnený pomoc poskytnúť;b
8;Ak vojenský policajt oprávnene vyžaduje preukázanie totožnosti a vyzvaná osoba odmietne preukázať svoju totožnosť, vojenský policajt;je oprávnený osobu predviesť na zistenie totožnosti na najbližší útvar Vojenskej polície;je oprávnený osobu predviesť na zistenie totožnosti na najbližší útvar Policajného zboru;nie je oprávnený osobu predviesť na zistenie totožnosti;a
8;Zamestnanca súkromnej bezpečnostnej služby vojenský policajt;nie je oprávnený zaistiť;je oprávnený zaistiť, keď sú splnené zákonom o Vojenskej polícii ustanovené dôvody;je oprávnený zaistiť, ak bol pristihnutý pri páchaní trestného činu alebo bezprostredne po ňom;b
8;Odobrať zbraň osobe poverenej výkonom fyzickej ochrany vojenský policajt;nie je oprávnený;je  oprávnený  iba  vo  vojenskom  priestore alebo v priestore, kde prebiehajú vojenské akcie alebo vojenské operácie;je oprávnený tak ako iným osobám;c
8;Prezerať vozidlá bezpečnostnej služby vojenský policajt ;je oprávnený iba vtedy, ak sú vo vojenských objektoch alebo ak vchádzajú do vojenských objektov, alebo z nich vychádzajú;nie je oprávnený;nie je oprávnený, ak sú vedené vojakmi;a
8;Vojenská polícia pri plnení úloh ustanovených zákonom o Vojenskej polícii;nie je oprávnená požadovať podklady a informácie od prevádzkovateľov a zamestnancov súkromných bezpečnostných služieb;je oprávnená požadovať podklady a informácie od fyzických osôb aj právnických osôb;je oprávnená vyžadovať podklady a informácie od zamestnancov, ktorí sú právnickými osobami, nespolupracuje však s prevádzkovateľmi súkromných bezpečnostných služieb, ktorí sú fyzickými osobami;b
8;Prevádzkovateľ súkromnej bezpečnostnej služby a zamestnanec súkromnej bezpečnostnej služby na požiadanie Vojenskej polície;sú oprávnení poskytovať podklady a informácie iba vo vojenských priestoroch alebo vo vojenských objektoch;nie sú oprávnení poskytovať žiadne podklady ani informácie;sú povinní poskytnúť požadované podklady a informácie poskytnúť, pokiaľ im v tom nebránia dôvody ustanovené všeobecne záväznými právnymi predpismi;c
8;Na základe medzinárodných zmlúv, ktorými je Slovenská republika viazaná, s políciami iných štátov;spolupracuje aj Vojenská polícia;Vojenská polícia nespolupracuje;spolupracuje iba Policajný zbor a Štátna polícia;a
8;Vysvetlenie od osoby poverenej výkonom fyzickej ochrany alebo pátrania vojenský policajt;nie je oprávnený požadovať;je oprávnený požadovať;je oprávnený požadovať za podmienok ustanovených zákonom o Vojenskej polícii;c
9;Pri masových podujatiach dobrovoľník Červeného kríža;musí byť určený na každých 1 000 účastníkov;nemusí byť určený;je vecou Červeného kríža, či a koľko dobrovoľníkov určí;a
9;Pri poskytovaní prvej pomoci treba konať;pokojne, citlivo, rozvážne a omylne;pokojne, citlivo, rozvážne a rozhodne;pokojne, citlivo, rozvážne a nerozhodne;b
9;Pri organizovaní masových podujatí musí;byť prítomný lekár - špecialista na poskytovanie neodkladnej prednemocničnej starostlivosti pri účasti viac ako 2 000 ľudí;sa zabezpečiť pohotovostná lekárska služba prvej pomoci v najbližšom zdravotníckom zariadení;sa zabezpečiť pohotovostná lekárska služba prvej pomoci v najbližšom verejnom zdravotníckom zariadení;a
9;Za zabezpečenie lekárskej prvej pomoci pri usporadúvaní masových podujatí zodpovedá;prevádzkovateľ SBS, ktorý zabezpečuje ochranu poriadku;červený kríž alebo lekárska služba prvej pomoci;usporiadateľ  podujatia;c
9;Ak bol úraz spôsobený elektrickým prúdom, v prvom rade treba;postihnutému skontrolovať životné funkcie a poskytnúť mu umelé dýchanie;postihnutého odstrániť z dosahu zdroja elektrického prúdu;postihnutému ošetriť popáleniny od elektrického prúdu, a ak nedýcha, tak začať s umelým dýchaním;b
9;Topiaca osoba sa pri zachraňovaní vynáša z vody;hore  tvárou so zaklonenou hlavou;dolu tvárou s hlavou zodvihnutou hore;poloha hlavy nie je rozhodujúca;a
9;Keď sa poskytuje umelé dýchanie dospelej osobe treba;30- krát stlačiť hrudník a 2-krát vdýchnuť vzduch;stlačiť hrudník 2-krát a 15-krát vdýchnuť vzduch;2-krát vdýchnuť a 5-krát stlačiť hrudník;a
9;Dieťaťu pri poskytovaní umelého dýchania treba;stlačiť hrudník 5-krát a 2-krát vdýchnuť vzduch;5- krát  vdýchnuť vzduch a 30-krát stlačiť hrudník a potom pokračovať v pomere 30:2;2-krát vdýchnuť a 5-krát stlačiť hrudník;b
9;Osobe s vnútorným krvácaním;sa nesmie dovoliť piť ani jesť;treba podať primerané množstvo tekutín;možno podať iba ľahké jedlo bez tekutín;a
9;Medzi zásady prvej pomoci nepatrí;nerozhodnosť a nepokoj;rozvaha, rozhodnosť a rýchlosť;správnosť a účelnosť;a
9;Včas poskytnutá prvá pomoc má za cieľ;skrátiť čas odborného liečenia, podmieniť rýchlosť hojenia poranení a byť rozhodujúcim činiteľom pri záchrane života;skrátiť čas odborného liečenia, skrátenie života, podmieniť rýchlosť hojenia poranení;podmieniť rýchlosť hojenia rán, predĺžiť čas odborného liečenia;a
9;Šaty prilepené na koži pri popáleninách;odlepíme z tela a ošetríme rany;odlepíme z tela, ale ošetrenie rany necháme na odborný lekársky zásah;látku obstriháme a nestrhávame;c
9;Prvú pomoc pri krvácaní z tráviaceho ústrojenstva poskytneme tak, že osobu;položíme  do polosedu s nohami pokrčenými v kolenách, na nadbrušie prikladáme studený obklad, zabezpečíme úplný pokoj, nepodávame žiadne tekutiny ani jedlo;položíme do polosedu s nohami pokrčenými v kolenách a podáme ľahké jedlo;položíme do poloľahu s nohami za ušami, zabezpečíme pokoj, nepodávame jedlo ani nápoje;a
9;Popáleniny ošetríme tak, že na ne dáme;čistú gázu;čistú pavučinu;elastický obväz;a
9;Pri požití žieraviny;podávame studenú vodu po hltoch, pri bolesti v brušnej dutine prestaneme vodu podávať;podáme mlieko;podáme kyslé mlieko a vyvoláme vracanie;a
9;Rany pri poskytovaní prvej pomoci;vyplachujeme čistou vodou;nevyplachujeme ničím;vyčistíme liehom;b
9;Keď krváca väčšia tepna;prítok krvi zastavíme tlakom nad i pod poraneným miestom;prítok krvi zastavíme tlakom pod poraneným miestom;prítok krvi do poraneného miesta zastavíme tlakom nad poraneným miestom;c
9;Otvorenú zlomeninu ošetríme tak, že;zastavíme krvácanie, zlomeninu znehybníme a privoláme pomoc;kosti dáme na pôvodné miesto a privoláme lekársku pomoc;odstránime úlomky, znehybníme a privoláme pomoc;a
9;Pri prehriatí organizmu a slnečnom úpale;postihnutého uložíme do chladnej miestnosti alebo aspoň do tieňa, uvoľníme mu šaty na krku a hrudi a prikladáme studené obklady;postihnutého masírujeme teplými žinenkami;postihnutému dáme vypiť pivo, a to čo najchladnejšie;a
9;Otras mozgu sa prejavuje;skalením a vysychaním rohovky;smrťou;okamžitou stratou vedomia;c
9;Pri vlásočnicovom krvácaní krv;presakuje po kvapkách;strieka jemným prúdom a je tmavočervená;strieka jemným prúdom a je svetločervená;a
9;Pulz sa zisťuje;na krku, kde je najväčšia tepna alebo na vnútornej strane zápästia z palcovej strany;na krku alebo na vonkajšej strane chodidla, kde je najväčšia citlivosť na tele;na krku alebo v podkolení, kde je najjemnejšia pokožka;a
9;Prvú pomoc treba poskytovať dovtedy, kým;osoba nevyhlási, že je mŕtva;nie sme si istí, že osoba je nepochybne mŕtva;osobu za mŕtvu nevyhlási lekár;b
9;Pri veľkej strate krvi;zastavíme krvácanie, raneného položíme na znak a zdvihneme mu dolné končatiny;raneného položíme do polostoja a zdvihneme mu všetky štyri končatiny;raneného položíme do poloľahu a podávame mu červené víno;a
9;Pri krvácaní z ucha spôsobeného cudzím telesom raneného;uložíme do polosedu s poraneným uchom vyššie;uložíme do polosedu a teleso vyberieme;uložíme do polosedu s poraneným uchom nižšie a cudzie teleso neodstraňujeme;c
9;Jedným z prvých príznakov smrti je;skalenie a vysychanie rohovky;nechutenstvo;vypadávanie vlasov;a
9;Pri tepnovom krvácaní krv;strieka a má modrú farbu;tečie prúdom a má tmavočervenú farbu;rytmicky strieka a má jasnočervenú farbu;c
9;Pri epileptickom záchvate;dáme postihnutému medzi zuby pevný predmet;okamžite začneme s umelým dýchaním;chránime postihnutého, aby sa počas kŕčov neudrel o tvrdé predmety, prípadne aby sa neporanil     o ostré predmety;c
9;Pri otrave plynmi prvú pomoc poskytujeme tak, že postihnutého;vynesieme na čerstvý vzduch a ak sú potrebné, poskytujeme umelé dýchanie a masáž srdca;postihnutého vynesieme zo zamoreného priestoru, poskytujeme masáž srdca, ale umelé dýchanie nie, aby sme do neho  nevpravili ešte viac jedovatých plynov;začneme okamžite s umelým dýchaním;a
9;Tlakový obväz;uvoľňujeme každú pol hodinu;neuvoľňujeme, pri prekrvácaní pridávame ďalšie vrstvy;nepoužívame;b
9;Pri krvácaní z nosa postihnutému;obe nosové dierky silno stlačíme asi na 10 minút;obe nosové dierky silno vysmrkáme;obe nosové dierky vypláchneme vodou;a
9;Pri poranení sánky prvú pomoc poskytujeme tak, že;poranenú sánku pevne obviažeme okolo hlavy a pod bradou;spevníme ústa vložením pevného predmetu do úst;spevníme ústa fixovaním pomocou plastovej tyče alebo iného predmetu;a
9;Pád z výšky je, ak postihnutý spadne z výšky;5 m;13 m;väčšej, ako je výška jeho tela;c
9;Krv rytmicky strieka a má jasnočervenú farbu pri;tepnovom krvácaní;menštruačnom krvácaní;žilovom krvácaní ;a
10;Miesta so zvýšením nebezpečenstvom vzniku požiaru sú miesta v ktorých sa nachádzajú;horľavé látky za takých podmienok, že vytvárajú zvýšené riziko možnosti vzniku požiaru;prchavé látky za takých podmienok, že vytvárajú zvýšené riziko otravy;horľavé látky za takých podmienok, že vytvárajú znížené riziko možnosti vzniku požiaru;a
10;Medzi miesta so zvýšením nebezpečenstvom požiaru patrí priestor, v ktorom;sa pri výrobe, používaní alebo spracúvaní horľavých látok používa zatvorený oheň;sa pri výrobe, používaní alebo spracúvaní horľavých látok používa elektrický prúd;sa pri výrobe, používaní alebo spracúvaní horľavých látok používa otvorený oheň;c
10;V právnickej osobe určuje osoby na zabezpečenie ochrany pred požiarmi v mimopracovnej dobe;technik požiarnej ochrany;štatutárny orgán právnickej osoby;závodný hasičský útvar, ak je zriadený;b
10;Podnikajúca fyzická osoba v mimopracovnom čase ochranu pred požiarmi;zabezpečuje vlastnými zamestnancov alebo dodávateľsky na základe dohody, alebo iným vhodným spôsobom s prihliadnutím na konkrétne podmienky;nezabezpečuje;zabezpečuje osobne sám sebe;a
10;Osoby vykonávajúce ochranu pred požiarmi pravidelnou obchôdzkou v mimopracovnom čase, vykonávajú prvú obchôdzku  ;najneskôr do 30 minút po ukončení pracovnej zmeny;bezprostredne po odchode zamestnancov z pracoviska po ukončení pracovnej zmeny;najskôr po 30 minútach po ukončení pracovnej zmeny;b
10;Osoby zabezpečujúce ochranu pred požiarmi v mimopracovnom čase majú za úlohu pri zistení nedostatkov na kontrolovanom pracovisku ;odstraňovať zistené nedostatky a v prípade, že ich nemôžu odstrániť sami, oznámiť zistenú skutočnosť zodpovednému vedúcemu;oznámiť zistené nedostatky zodpovednému vedúcemu;zistené nedostatky zapísať do knihy služieb;a
10;Požiarne poplachové smernice slúžia;na určenie intervalov vykonávania kontrol pracovísk osobami zabezpečujúcimi ochranu pred požiarmi v mimopracovnom čase;k organizácii evakuácie osôb a zvierat z objektu zasiahnutým požiarom;k vymedzeniu povinnosti zamestnancov pri vyhlásení požiarneho poplachu;c
10;Právnická osoba alebo podnikajúca fyzická osoba;zriaďuje najmenej jednu ohlasovňu požiarov;môže zriadiť aspoň jednu ohlasovňu požiarov;nemusí zriadiť žiadnu ohlasovňu požiarov;a
10;Školenie o ochrane pred požiarmi pre osoby zabezpečujúce ochranu pred požiarmi v mimopracovnom čase, ako aj overenie ich vedomostí zabezpečuje;firma, ktorá túto službu zabezpečuje;právnická osoba alebo fyzická osoba – podnikateľ, pre ktorú sa služba poskytuje;okresné riaditeľstvo Hasičského a záchranného zboru;b
10;Ohlasovňa požiarov sa umiestňuje v objekte alebo v priestore, v ktorom;nie je zabezpečená nepretržitá služba;je zabezpečená nepretržitá služba najmenej mimo prevádzky;je zabezpečená nepretržitá služba najmenej počas prevádzky;c
10;Vlastník, správca alebo užívateľ nehnuteľnosti;je povinný umožniť vstup na nehnuteľnosť na vykonanie opatrení nevyhnutných na zdolanie požiaru alebo na zamedzenie jeho šírenia, prípadne na vykonanie iných záchranných prác;nie je povinný umožniť vstup na nehnuteľnosť na vykonanie opatrení nevyhnutných na zdolanie požiaru alebo na zamedzenie jeho šírenia, prípadne na vykonanie iných záchranných prác;je povinný umožniť vstup na nehnuteľnosť na vykonanie opatrení nevyhnutných na zdolanie požiaru alebo na zamedzenie jeho šírenia, prípadne na vykonanie iných záchranných prác a na účely cvičenia hasičskej jednotky;a
10;Nevyhnutné opatrenia na záchranu ohrozených osôb v súvislosti so zdolávaním požiaru je povinný vykonať;každý technik požiarnej ochrany;každý, ak tomu nebránia právne prekážky uvedené v zákone o ochrane pred požiarmi;každý člen požiarnej hliadky;b
10;Uhasiť požiar, ak je to možné, alebo vykonať nevyhnutné opatrenia na zamedzenie jeho šírenia;je povinný každý, ak tomu nebránia právne prekážky uvedené v zákone o ochrane pre požiarmi;je povinný zamestnanec strážnej služby pri výkone fyzickej ochrany;zamestnanec strážnej služby pri výkone fyzickej ochrany nie je povinný;a
10;Na výzvu veliteľa zásahu, veliteľa hasičskej jednotky alebo obce, je povinný poskytnúť osobnú pomoc;člen protipožiarnej hliadky pracoviska;člen protipožiarnej hliadky právnickej osoby alebo podnikajúcej fyzickej osoby ;každý, ak tomu nebránia právne prekážky uvedené v zákone o ochrane pre požiarmi;c
10;Vecnú pomoc na výzvu veliteľa zásahu, veliteľa hasičskej jednotky, okresného riaditeľstva Hasičského a záchranného zboru alebo obce je povinný poskytnúť;každý, ak tomu nebránia právne prekážky uvedené v zákone o ochrane pre požiarmi;každá právnická osoba, ak tomu nebránia právne prekážky;každá fyzická osoba, ktorá podniká, ak tomu nebránia právne prekážky;a
10;Škodu, ktorá vznikla na zdraví fyzickej osoby v súvislosti s pomocou, ktorú poskytovala pri zdolávaní požiaru,;uhradí ten, kto zapríčinil požiar;uhradí štát, ak nevznikol nárok na úhradu tejto škody už z pracovnoprávneho vzťahu;uhradí ten, na koho majetku alebo objekte bol požiar;b
10;Porušenie zásad bezpečnej prevádzky tepelných, elektrických, plynových a iných spotrebičov zamestnancom súkromnej bezpečnostnej služby;nie je žiadnym priestupkom;je priestupkom na úseku súkromnej bezpečnosti;je priestupkom na úseku ochrany pred požiarmi;c
10;Kontrola inštalovaného prenosného hasiaceho prístroja ;sa nemusí vykonávať;sa vykonáva najviac raz za 24 mesiacov, ak bol uvedený na trh podľa osobitného predpisu;sa vykonáva najmenej raz za 24 mesiacov, ak bol uvedený na trh podľa osobitného predpisu;c
10;Zakladať oheň v priestoroch alebo na miestach, kde by mohlo dôjsť k jeho rozšíreniu nesmie;právnická osoba, podnikajúca fyzická osoba a fyzická osoba;právnická osoba a podnikajúca fyzická osoba;podnikajúca fyzická osoba a fyzická osoba;a
10;V rámci predchádzania požiarom podnikajúca fyzická osoba a fyzická osoba;nesmie vypaľovať porasty kríkov, bylín, ani stromov;nesmie vypaľovať porasty kríkov, bylín, ani stromov, pokiaľ sú v lese;môže vypaľovať porasty bylín a kríkov, ak to nie je v období sucha;a
10;Prenosný hasiaci prístroj, ktorý bol použitý alebo na ktorom bol zistený nedostatok znižujúci jeho akcieschopnosť, prevádzkovateľ;vymení za akcieschopný hasiaci prístroj najneskôr do 30 dní;bezodkladne vymení za akcieschopný prenosný hasiaci prístroj s porovnateľnou hasiacou účinnosťou;môže vymeniť za akcieneschopný prenosný hasiaci prístroj s porovnateľnou hasiacou účinnosťou;b
10;Za akcieschopný prenosný hasiaci prístroj sa považuje prístroj spĺňajúci podmienky ustanovené  osobitným predpisom, ak;od jeho výroby neuplynula lehota dlhšia ako 24 mesiacov alebo od jeho poslednej kontroly neuplynula dlhšia doba ako 24 mesiacov;od jeho výroby uplynula lehota dlhšia ako 24 mesiacov alebo od jeho poslednej kontroly uplynula dlhšia doba ako 24 mesiacov;od jeho výroby uplynula lehota dlhšia ako 24 mesiacov alebo od jeho poslednej kontroly neuplynula dlhšia doba ako 12 mesiacov;a
10;Práškový hasiaci prístroj ;možno použiť na hasenie nehoriacich zariadení pod elektrickým napätím;nemožno použiť na hasenie horiacich zariadení pod elektrickým napätím;možno použiť na hasenie horiacich zariadení pod elektrickým napätím;c
10;Vodný hasiaci prístroj sa nesmie používať na hasenie;dreva, uhlia, papiera, slamy;elektrických zariadením pod napätím, horľavých kovov a ich zlúčenín;organických látok;b
10;Na hasenie riadiacich centier, strojových zariadení a výpočtových stredísk sú najvhodnejšie;halónové hasiace zariadenia;práškové hasiace zariadenia;vodné hasiace zariadenia;a
11;Medzi pamäťové stopy patria ;stopy obuvi, motorových vozidiel;biologické stopy;stopy vo vedomí človeka;c
11;Medzi materiálne stopy patria  ;stopy plošné a plastické;stopy pamäťové;stopy vo vedomí človeka;a
11;Kriminalistika je samostatná veda, ktorá skúma;výkon bezpečnostnej služby pri ochrane osôb a majetku;kriminalisticky relevantné udalosti ako sú trestné činy a priestupky;spoločenské podujatia;b
11;Kriminalistická identifikácia je proces ;zisťovania a zaisťovania stôp na mieste činu;stotožnenia kriminalisticky relevantnej udalosti a kriminalistickej stopy a objektov, ktoré stopu vytvorili;znovu poznávania stôp z miesta činu;b
11;Stopy na mieste činu pracovník súkromnej bezpečnostnej služby;môže premiestňovať na iné miesto;musí chrániť a nepremiestňovať;zabalí a zašle okamžite príslušníkovi polície;b
11;Kriminalistická dokumentácia slúži ;na zosilnenie výkonu bezpečnostnej služby pri ochrane objektov v prípade spáchania trestného činu;na uvedenie poškodených objektov, v ktorých bol spáchaný trestný čin do pôvodného stavu ;na dokumentovanie priebehu a výsledkov vyšetrovacieho úkonu za účelom objasnenia kriminalisticky relevantnej udalosti;c
11;Opis osoby slúži na ;zabránenie vstupu opisovanej osoby do chránených objektov;dokumentovanie stavu na mieste trestného činu alebo priestupku;získavanie informácii o osobe podozrivej zo spáchania trestného činu alebo priestupku;c
11;Dĺžka pozorovania, počasie,  vzdialenosť pozorovania, osvetlenie a terén na kvantitu a kvalitu pozorovania pracovníka bezpečnostnej služby ;nevplývajú vôbec;vplývajú vždy;vplývajú len vtedy, ak pracovník bezpečnostnej služby užíva lieky ;b
11;Zdrojom informácii o vonkajších znakoch opisovaného objektu je ;príslušník Policajného zboru;pracovník súkromnej bezpečnostnej služby;samotný opisovaný objekt;c
11;Daktyloskopické stopy sú;obrazce vytvorené papilárnymi líniami na posledných článkoch prstov rúk, prstov nôh, dlaniach a chodidlách osôb;odtlačky po nástrojoch;odtlačky obuvi;a
11;Medzi mechanoskopické stopy nepatria;porušené zámky, plomby a pečate;nábojnice;páčidlá;b
11;Trasologické stopy sú ;stopy obuvi;odtlačky papilárnych línii prstov nôh a rúk ;rastlinný materiál;a
11;Biologické stopy sú;odtlačky bosých nôh;krv, moč, vlasy, chlpy;odtlačky po nástrojoch;b
11;Balistické stopy sú ;stopy zbraní a streliva;odtlačky obuvi;odtlačky papilárnych línii prstov a dlaní;a
11;Medzi pyrotechnické stopy nepatria;munícia;nástražné výbušné systémy ;stopy bosých nôh a obuvi;c
11;Rekognícia je špecifická metóda kriminalistického objasňovania, ktorá je založená na tom, že;osoba zaisťuje stopy na mieste činu;osoba chráni iné osoby, veci a zvieratá na mieste činu;osoba znovu poznáva osoby, veci alebo zvieratá, ktoré predtým vnímala;c
11;Konfrontácia je špecifická metóda kriminalistického objasňovania, ktorá je založená na;znovu poznávaní osôb, zvierat alebo vecí;výpovedi dvoch alebo viacerých súčasne  prítomných osôb, za účelom odstránenia rozporov vo výpovediach;odovzdávaní informácii pracovníka súkromnej bezpečnostnej služby polícii;b
